lead_id,deal_id,amount,stage,close_date
1,488,7384.55,Closed,11/14/2025
2,248,10053.08,In Process,6/14/2025
3,874,2743.14,In Process,3/30/2025
4,139,402.78,Open,3/26/2025
5,962,341.06,In Process,12/12/2024
6,134,17679.26,Closed,9/21/2025
7,237,23584.37,In Process,7/1/2025
8,691,11243.07,Open,3/17/2025
9,220,3208.66,Closed,8/2/2025
10,53,23994.14,In Process,8/6/2024
11,746,5510.68,Open,3/10/2025
12,609,9415.26,Open,1/2/2025
13,978,17729.37,Closed,7/22/2024
14,570,15066.38,Open,11/14/2025
15,997,20336.43,In Process,12/8/2024
16,286,2658.54,Open,6/12/2025
17,293,6082.45,In Process,7/23/2024
18,781,21803.46,In Process,10/12/2025
19,136,11479.65,Open,9/16/2024
20,85,599.22,Closed,7/22/2024
21,767,22183.72,In Process,7/10/2024
22,219,2020.19,Closed,1/19/2025
23,922,3277.62,In Process,12/31/2024
24,74,22208.63,In Process,12/7/2024
25,847,6227.73,Open,11/13/2025
26,737,14515.61,Closed,9/17/2025
27,297,16505.47,Closed,12/30/2025
28,99,19427.04,Closed,10/24/2024
29,429,4568.52,In Process,1/8/2026
30,686,15064.39,Closed,1/9/2026
31,853,12307.0,Closed,8/10/2024
32,618,21740.69,In Process,6/15/2025
33,912,15484.71,Open,12/13/2024
34,843,2451.85,In Process,8/20/2025
35,446,11456.65,Open,8/3/2025
36,362,22964.92,Open,3/25/2025
37,387,5828.2,In Process,10/6/2025
38,639,21273.38,Open,11/7/2024
39,123,12295.57,Closed,9/22/2024
40,472,21171.81,In Process,10/27/2024
41,560,3462.02,In Process,7/22/2025
42,1000,22241.8,Closed,3/20/2025
43,566,9626.43,In Process,5/24/2025
44,768,19053.24,Open,1/15/2026
45,262,747.38,In Process,1/7/2026
46,481,8070.5,In Process,8/5/2024
47,443,23420.79,Open,10/2/2025
48,615,21379.31,Open,8/28/2025
49,203,14546.01,Closed,8/14/2024
50,475,17541.0,In Process,10/17/2025
51,585,1229.78,Open,2/12/2025
52,199,21083.51,In Process,10/8/2024
53,600,563.39,Open,12/31/2024
54,609,4562.3,In Process,3/26/2025
55,240,10466.44,Closed,10/6/2025
56,987,12478.82,In Process,8/7/2025
57,133,4545.82,Closed,10/3/2024
58,792,17170.0,Closed,7/10/2024
59,290,20037.04,Open,6/24/2025
60,574,2502.01,In Process,3/19/2025
61,255,721.37,Open,2/4/2025
62,480,21072.01,Open,3/29/2025
63,635,1159.59,In Process,5/20/2025
64,434,14727.87,In Process,8/8/2025
65,840,1194.3,Closed,12/9/2025
66,826,20629.15,Open,10/22/2024
67,929,13846.47,Closed,2/16/2025
68,938,17374.9,Closed,7/30/2024
69,32,22819.86,Open,6/20/2025
70,147,14858.61,Closed,10/7/2025
71,904,1313.84,Closed,11/24/2024
72,674,23055.63,In Process,3/3/2025
73,969,8501.7,Open,4/9/2025
74,604,23168.73,Open,2/12/2025
75,756,14172.75,In Process,2/17/2025
76,547,15820.42,Closed,12/24/2025
77,605,20056.33,Open,9/13/2025
78,354,5853.3,Closed,3/28/2025
79,757,16579.49,In Process,7/25/2024
80,577,19322.47,In Process,12/20/2025
81,841,23335.98,In Process,3/17/2025
82,141,13378.02,Closed,1/31/2025
83,701,19716.29,Closed,1/1/2025
84,6,2166.23,Closed,6/14/2025
85,671,15980.61,Closed,9/20/2024
86,345,7619.57,Open,5/10/2025
87,87,10690.64,Open,9/1/2024
88,694,2135.08,Open,10/19/2024
89,546,11768.03,Open,12/14/2024
90,461,16970.06,In Process,7/22/2025
91,647,18049.74,Closed,4/17/2025
92,249,8202.13,Open,1/17/2026
93,270,3185.63,Open,9/28/2025
94,931,21010.13,Open,3/5/2025
95,444,17347.84,Closed,5/5/2025
96,13,1399.46,Closed,8/18/2024
97,794,13193.71,Open,7/27/2024
98,230,7888.32,Open,9/26/2025
99,708,22789.08,Open,12/16/2024
100,501,11173.51,In Process,2/10/2025
101,856,8610.2,In Process,12/29/2025
102,655,14611.64,Closed,11/28/2025
103,438,5883.01,Closed,12/19/2025
104,3,7644.06,In Process,12/9/2024
105,589,4771.54,Closed,1/2/2025
106,406,2432.93,Closed,9/25/2025
107,257,16142.06,In Process,6/4/2025
108,700,12204.49,Closed,8/26/2024
109,538,11476.16,In Process,12/13/2024
110,491,17194.49,Open,12/5/2025
111,90,18133.41,In Process,8/14/2024
112,114,2243.69,Open,7/13/2025
113,742,11357.87,In Process,1/23/2025
114,48,7007.62,Open,8/31/2024
115,873,522.17,Closed,11/20/2024
116,283,19905.82,Closed,7/7/2024
117,539,21132.99,Open,4/14/2025
118,181,24538.33,In Process,11/28/2025
119,709,15467.75,In Process,12/30/2024
120,274,15983.35,Open,10/19/2024
121,446,2850.17,Closed,10/13/2025
122,232,10923.75,Closed,4/30/2025
123,378,20943.64,Closed,7/28/2024
124,770,21357.99,In Process,5/4/2025
125,590,6249.82,Open,11/6/2024
126,259,16957.43,Open,11/27/2025
127,744,3102.37,Open,2/15/2025
128,849,19247.19,Open,1/1/2025
129,9,20303.12,Closed,10/27/2025
130,281,1788.97,Closed,4/23/2025
131,260,24956.91,In Process,1/14/2025
132,540,11976.41,In Process,12/27/2025
133,136,11397.35,Closed,7/29/2024
134,630,16117.01,Closed,1/8/2025
135,884,9058.55,Closed,6/1/2025
136,810,6833.0,Closed,8/17/2024
137,461,23052.88,In Process,1/6/2025
138,372,4285.74,In Process,10/18/2024
139,886,2183.6,In Process,1/3/2025
140,652,13099.82,In Process,6/24/2025
141,114,11098.67,In Process,5/18/2025
142,635,8976.96,Closed,11/1/2025
143,208,22813.03,Closed,6/29/2025
144,175,5143.24,Closed,7/15/2024
145,168,5072.29,Closed,6/11/2025
146,979,12207.77,In Process,10/26/2025
147,667,3258.07,In Process,2/5/2025
148,265,17938.73,Open,8/13/2024
149,773,23068.49,Closed,12/13/2025
150,711,6333.03,Closed,2/9/2025
151,685,7770.97,Open,8/12/2025
152,52,12915.93,Closed,9/2/2024
153,561,22056.43,In Process,10/14/2025
154,661,9374.9,Open,8/15/2025
155,844,15181.46,Open,8/8/2024
156,635,8133.51,Open,9/27/2025
157,220,9352.53,In Process,3/21/2025
158,696,6571.61,In Process,9/24/2025
159,213,15477.56,Open,5/16/2025
160,979,4167.98,In Process,1/4/2026
161,738,8673.64,In Process,10/29/2024
162,793,14388.38,Closed,11/4/2024
163,268,21288.58,In Process,10/22/2025
164,41,6079.03,Closed,9/11/2025
165,603,3024.53,In Process,6/14/2025
166,615,21532.44,Open,1/6/2025
167,686,20262.69,Open,7/8/2024
168,237,4698.65,In Process,9/26/2024
169,404,13531.61,Closed,8/12/2025
170,965,23525.69,Closed,5/13/2025
171,752,24285.51,Closed,4/3/2025
172,681,12139.59,Open,1/1/2026
173,967,5552.45,In Process,10/21/2025
174,727,18681.66,In Process,1/31/2025
175,855,17354.87,Closed,7/8/2024
176,640,13528.86,Open,12/20/2024
177,752,17908.3,In Process,7/26/2024
178,13,21470.83,Open,7/29/2024
179,830,4525.59,Open,6/20/2025
180,568,8522.54,Closed,11/14/2024
181,711,4145.74,Closed,6/24/2025
182,37,3543.98,In Process,5/25/2025
183,293,16598.3,Closed,6/25/2025
184,517,3305.65,Open,12/1/2025
185,35,23422.12,In Process,10/4/2025
186,317,1214.92,Open,6/1/2025
187,512,9324.82,Open,4/10/2025
188,846,15700.88,Open,11/17/2025
189,668,11908.7,Open,8/25/2024
190,787,20270.67,Closed,10/7/2025
191,600,8448.32,In Process,7/26/2025
192,490,9403.88,Closed,8/30/2025
193,116,19745.38,Closed,1/16/2025
194,716,12606.47,Open,11/6/2025
195,251,2853.16,Open,9/12/2024
196,260,18113.03,Open,1/23/2025
197,472,16419.15,Open,7/6/2024
198,780,8395.72,In Process,11/19/2024
199,655,20862.86,Open,12/3/2025
200,124,13472.62,Open,6/21/2025
201,541,12232.46,Open,7/16/2025
202,455,7329.59,Open,7/24/2024
203,385,11099.85,Open,8/6/2025
204,967,6475.94,Closed,10/10/2024
205,302,21813.08,Open,11/11/2024
206,758,20208.56,In Process,1/6/2025
207,435,5325.04,In Process,1/2/2026
208,905,2459.84,Closed,4/21/2025
209,335,10315.22,Open,4/18/2025
210,546,7395.35,Open,11/19/2024
211,331,12087.84,In Process,5/19/2025
212,266,1890.89,Closed,9/4/2024
213,45,21076.14,Open,10/30/2025
214,686,10078.01,In Process,6/1/2025
215,785,4694.0,In Process,3/13/2025
216,822,632.95,In Process,8/1/2025
217,960,22521.68,Closed,12/19/2025
218,205,20581.02,Closed,10/8/2025
219,63,14408.24,Open,12/3/2025
220,239,22527.05,Closed,1/24/2025
221,80,8496.74,Closed,9/20/2025
222,974,8811.34,In Process,7/10/2025
223,3,23060.95,Closed,11/7/2025
224,736,15039.0,Open,9/25/2025
225,384,9999.71,In Process,3/10/2025
226,30,1564.91,Open,3/27/2025
227,23,7903.57,Closed,12/24/2025
228,374,8953.07,In Process,5/10/2025
229,695,2013.87,In Process,3/31/2025
230,897,22883.48,Closed,5/18/2025
231,309,2832.93,Open,7/29/2025
232,252,9510.65,Closed,9/21/2024
233,266,2588.92,Closed,10/9/2025
234,735,21721.37,In Process,7/24/2025
235,134,23929.91,In Process,8/12/2025
236,206,1349.17,Closed,12/14/2025
237,919,15872.03,Open,5/25/2025
238,776,8731.38,Closed,3/15/2025
239,240,18397.81,Open,10/25/2024
240,969,3993.28,Closed,8/12/2025
241,692,11068.07,Open,7/22/2024
242,604,14902.28,In Process,4/10/2025
243,514,13699.56,Closed,7/26/2024
244,808,15304.68,In Process,7/21/2025
245,975,10785.34,Open,3/29/2025
246,971,16291.94,Closed,5/20/2025
247,263,12756.76,In Process,10/26/2024
248,558,9969.12,Closed,2/3/2025
249,692,4989.82,Closed,7/7/2024
250,252,1395.87,In Process,6/8/2025
251,530,5594.57,In Process,6/23/2025
252,307,611.89,Closed,10/20/2024
253,442,16238.11,In Process,3/6/2025
254,800,6922.31,In Process,10/7/2024
255,716,3158.41,In Process,10/10/2024
256,483,21610.41,Closed,2/7/2025
257,211,18267.46,In Process,3/11/2025
258,493,2394.84,In Process,2/24/2025
259,303,5599.41,In Process,10/11/2024
260,83,1885.58,Closed,11/21/2025
261,833,7166.38,In Process,7/10/2024
262,820,6187.63,Closed,3/18/2025
263,268,12776.54,In Process,9/23/2024
264,146,13422.45,In Process,10/3/2024
265,731,20370.78,Closed,8/5/2025
266,975,7826.7,Open,7/13/2025
267,499,17866.92,In Process,12/12/2025
268,85,1359.12,Closed,1/1/2025
269,544,14222.13,Closed,10/29/2025
270,547,5302.28,In Process,11/14/2024
271,391,14061.63,Open,10/13/2024
272,675,1669.89,In Process,11/27/2024
273,938,7358.85,Closed,9/16/2024
274,718,8458.42,Open,11/1/2025
275,176,10217.94,Open,6/29/2025
276,537,8775.16,Closed,10/28/2025
277,708,7181.18,Open,9/24/2025
278,985,5452.0,In Process,1/15/2026
279,320,12459.17,Open,4/18/2025
280,817,13991.68,In Process,8/29/2024
281,603,14311.37,Closed,3/8/2025
282,84,19761.77,In Process,4/9/2025
283,867,20151.67,Closed,7/21/2025
284,3,7644.13,Closed,7/2/2024
285,942,16002.58,Open,8/11/2024
286,315,3402.63,Closed,9/19/2025
287,899,979.02,In Process,7/16/2025
288,85,22852.95,Closed,8/14/2025
289,403,15277.69,In Process,12/12/2025
290,636,5883.59,Open,8/2/2025
291,653,19122.86,In Process,7/13/2025
292,258,14116.08,Closed,10/5/2024
293,633,7203.37,In Process,8/2/2025
294,224,5324.32,In Process,2/15/2025
295,656,19360.41,Closed,8/20/2025
296,611,9479.3,Open,1/27/2025
297,152,24348.87,Closed,6/1/2025
298,330,7269.36,Open,7/22/2024
299,500,23091.92,In Process,8/15/2025
300,799,17196.23,In Process,10/6/2024
301,500,4640.05,In Process,8/29/2024
302,77,23593.68,Closed,4/1/2025
303,462,21827.03,Open,10/13/2024
304,78,20273.22,In Process,1/17/2026
305,466,7224.06,In Process,1/23/2025
306,125,10060.52,In Process,1/14/2025
307,846,10100.63,Open,10/14/2025
308,383,7299.12,In Process,2/23/2025
309,512,14160.65,In Process,12/4/2024
310,323,20519.44,In Process,9/25/2025
311,511,10606.69,Closed,12/6/2024
312,637,8907.7,Open,7/31/2024
313,163,14449.64,Closed,9/30/2025
314,933,12498.95,In Process,7/22/2024
315,18,16286.89,In Process,11/4/2024
316,219,7900.95,Open,8/14/2024
317,486,8308.45,In Process,8/10/2025
318,362,15218.98,In Process,9/11/2024
319,292,10129.49,In Process,12/1/2024
320,722,14470.6,Open,4/26/2025
321,642,3801.8,Closed,8/8/2025
322,150,6426.73,Closed,9/19/2024
323,180,10608.22,Open,2/11/2025
324,824,14044.6,In Process,7/2/2024
325,649,23074.96,In Process,7/29/2024
326,301,15610.87,In Process,9/29/2024
327,224,5688.5,Closed,9/23/2025
328,46,24354.7,Open,9/11/2025
329,420,7597.73,Closed,7/14/2024
330,716,7730.82,Closed,8/9/2024
331,152,9565.65,In Process,7/7/2024
332,205,23344.66,Open,12/21/2024
333,375,17742.79,Open,8/10/2024
334,782,10263.42,Open,5/6/2025
335,135,9697.84,Open,2/26/2025
336,494,14387.95,Open,6/3/2025
337,399,15822.09,Open,8/30/2025
338,848,17868.24,Open,7/3/2024
339,932,2092.46,Open,7/27/2025
340,848,10622.5,In Process,11/30/2024
341,390,23270.84,Open,11/4/2025
342,758,1441.91,In Process,9/9/2025
343,103,21563.13,In Process,9/3/2025
344,691,21549.59,In Process,8/13/2025
345,215,16682.57,Open,10/16/2024
346,894,9318.99,Open,10/31/2025
347,345,1075.75,Open,7/9/2024
348,659,13840.74,Closed,1/3/2025
349,930,1935.67,Open,11/26/2025
350,694,19154.06,In Process,9/26/2024
351,321,15432.12,In Process,10/28/2025
352,909,24254.07,Closed,10/15/2024
353,109,21425.07,Open,11/29/2025
354,479,2929.88,Closed,11/20/2025
355,418,8321.74,Open,3/2/2025
356,609,7668.28,Open,3/13/2025
357,840,18785.78,Closed,10/22/2025
358,452,17079.35,Open,4/26/2025
359,680,18068.23,Open,9/9/2024
360,838,23156.3,Open,9/1/2024
361,274,15909.88,In Process,10/8/2024
362,539,14158.9,In Process,7/1/2024
363,954,1555.72,Open,10/24/2024
364,283,21998.05,Closed,10/30/2025
365,983,20408.01,Open,10/31/2025
366,264,22003.74,Open,2/11/2025
367,566,24620.64,Closed,7/25/2024
368,163,5848.55,In Process,10/19/2024
369,771,16529.65,In Process,11/17/2025
370,970,18432.58,Open,5/3/2025
371,879,7003.2,Open,7/16/2025
372,592,19809.24,Closed,8/8/2024
373,600,22338.85,Open,8/5/2025
374,843,13622.74,Closed,1/25/2025
375,236,18310.74,Closed,7/16/2025
376,434,7062.37,Closed,9/4/2025
377,685,1166.19,In Process,7/14/2024
378,772,20854.69,Closed,11/12/2025
379,426,23003.03,Open,4/5/2025
380,299,7482.5,Open,2/20/2025
381,456,13549.49,Closed,3/28/2025
382,627,15432.05,Closed,10/31/2024
383,209,15912.98,In Process,9/24/2025
384,34,10654.71,Open,7/10/2025
385,700,10064.04,In Process,7/27/2025
386,878,24635.95,Open,12/4/2025
387,63,23035.26,Open,10/28/2025
388,231,7121.99,Closed,11/4/2025
389,293,3987.09,Closed,1/4/2026
390,520,8325.42,In Process,4/29/2025
391,36,17609.74,Closed,11/13/2024
392,55,15640.33,Open,12/8/2024
393,636,8601.94,In Process,10/17/2025
394,280,7097.33,Open,1/13/2025
395,487,12369.01,Open,5/24/2025
396,968,10791.17,Open,8/17/2025
397,493,20369.25,In Process,7/15/2025
398,807,19569.18,Closed,3/19/2025
399,100,16185.09,Open,12/12/2025
400,384,12097.53,Closed,12/2/2024
401,106,13891.0,Open,2/27/2025
402,350,24616.42,Closed,6/26/2025
403,624,5221.77,Open,10/21/2025
404,199,20499.58,Closed,8/3/2025
405,433,23617.82,In Process,6/19/2025
406,605,9247.44,Closed,1/13/2026
407,681,21744.23,In Process,2/11/2025
408,948,6799.25,In Process,8/6/2024
409,515,13450.02,Open,4/1/2025
410,575,20090.43,Open,12/22/2024
411,841,21177.02,Closed,1/11/2026
412,268,18625.31,In Process,7/25/2025
413,756,13418.24,In Process,10/2/2024
414,739,22990.08,Closed,5/12/2025
415,202,6295.06,Open,4/4/2025
416,26,19624.59,In Process,12/10/2025
417,280,22784.65,Closed,6/8/2025
418,624,7815.49,Open,12/18/2025
419,619,16244.26,Open,2/26/2025
420,938,20568.67,Closed,10/23/2025
421,480,16833.4,Open,8/10/2025
422,386,24988.35,In Process,7/31/2024
423,877,8052.79,Open,1/14/2025
424,295,23640.23,In Process,11/30/2025
425,310,15173.21,In Process,3/16/2025
426,912,13438.5,Closed,11/13/2024
427,599,561.53,Open,6/4/2025
428,269,19539.49,Closed,9/25/2025
429,683,10025.8,Open,10/2/2024
430,783,7851.91,Closed,7/30/2024
431,859,13454.62,Closed,4/2/2025
432,617,22612.72,In Process,9/7/2025
433,197,6264.69,Closed,1/10/2025
434,436,24678.85,In Process,2/12/2025
435,94,18570.51,Open,8/3/2025
436,710,6678.72,Closed,12/12/2024
437,694,8583.82,Closed,10/30/2024
438,720,2443.29,Closed,1/19/2026
439,931,14401.04,Open,9/28/2024
440,336,17736.61,In Process,4/5/2025
441,944,17405.19,In Process,9/28/2025
442,809,7681.23,Closed,7/31/2025
443,406,23509.02,Open,7/29/2025
444,771,17305.74,Open,10/25/2025
445,592,15120.12,In Process,10/1/2025
446,395,836.91,Closed,7/4/2025
447,895,14612.47,Closed,5/8/2025
448,905,23457.82,Open,11/6/2024
449,430,11427.91,In Process,9/30/2025
450,180,6215.12,In Process,11/11/2024
451,442,14706.04,In Process,6/5/2025
452,30,10562.36,Closed,11/14/2024
453,712,20229.29,Open,12/26/2025
454,779,21040.29,Open,7/26/2024
455,42,737.5,Closed,3/27/2025
456,607,3638.49,Closed,7/7/2024
457,995,4224.33,Open,9/6/2025
458,755,4014.0,Closed,7/27/2025
459,279,3922.76,In Process,1/9/2025
460,658,11653.02,Open,4/25/2025
461,277,3199.7,In Process,9/30/2024
462,93,19604.24,Open,12/27/2024
463,453,964.6,In Process,3/5/2025
464,992,14351.24,In Process,10/11/2024
465,4,13750.75,Closed,6/25/2025
466,559,3337.79,Open,10/16/2024
467,879,7250.58,In Process,3/29/2025
468,312,18652.39,Open,8/27/2024
469,407,11111.13,In Process,4/26/2025
470,316,24592.84,Closed,12/10/2025
471,823,4186.63,Closed,7/12/2024
472,7,17152.37,Open,9/1/2025
473,846,3021.9,Closed,9/24/2024
474,483,5271.46,In Process,7/7/2024
475,202,14703.55,Closed,6/9/2025
476,452,15219.17,Open,12/26/2025
477,529,20704.39,In Process,11/7/2025
478,28,8157.98,Open,1/18/2025
479,632,23813.91,In Process,12/13/2024
480,330,13876.3,Open,3/29/2025
481,779,6394.65,In Process,12/22/2024
482,460,15647.18,Open,2/20/2025
483,808,20410.04,Open,12/17/2025
484,773,23606.64,Closed,6/1/2025
485,14,14107.85,Closed,7/4/2024
486,44,16042.35,In Process,10/4/2025
487,285,24842.24,Open,1/14/2025
488,762,22988.82,In Process,1/30/2025
489,649,24331.19,In Process,12/22/2024
490,96,10104.63,In Process,9/11/2024
491,342,9162.95,Open,6/16/2025
492,404,17211.15,Closed,7/10/2025
493,436,18223.77,Open,6/14/2025
494,199,8210.97,Closed,1/27/2025
495,209,5885.57,In Process,10/18/2024
496,637,22988.95,Closed,9/14/2025
497,483,20202.57,Closed,9/5/2025
498,801,3255.66,In Process,4/16/2025
499,169,2356.0,Closed,12/5/2025
500,625,10982.62,Open,3/5/2025
501,729,7072.53,Closed,6/5/2025
502,788,19323.56,In Process,10/17/2024
503,97,8465.65,In Process,9/30/2024
504,776,2599.84,In Process,6/26/2025
505,741,13270.25,In Process,8/2/2025
506,192,5303.81,Closed,5/12/2025
507,99,22130.34,Closed,7/18/2024
508,267,17899.31,Closed,8/5/2024
509,943,10466.0,In Process,4/4/2025
510,590,24520.49,In Process,7/7/2025
511,57,11226.34,Closed,8/9/2025
512,61,21926.31,Closed,12/20/2025
513,281,17394.94,In Process,11/26/2025
514,881,20989.31,Open,6/26/2025
515,304,20178.37,Open,10/27/2024
516,32,5848.29,Closed,3/27/2025
517,842,4148.58,In Process,10/16/2024
518,935,9055.8,Closed,9/25/2024
519,366,16760.57,Open,3/11/2025
520,833,7773.74,Open,3/10/2025
521,608,7253.72,In Process,8/31/2025
522,362,23636.61,Closed,12/13/2024
523,400,12658.09,In Process,12/1/2025
524,890,24541.49,Closed,12/14/2025
525,152,16784.79,Open,3/1/2025
526,844,15135.3,Closed,9/24/2024
527,154,8551.21,Open,8/29/2025
528,78,14115.51,Closed,10/19/2024
529,686,13845.39,Open,9/15/2024
530,903,12279.35,In Process,9/30/2024
531,378,6504.53,Open,1/17/2025
532,671,1855.9,In Process,11/25/2024
533,971,13600.67,Open,7/7/2025
534,734,21895.35,Open,7/8/2024
535,953,2947.87,Closed,10/31/2025
536,16,12935.03,Open,4/8/2025
537,187,10681.04,In Process,5/31/2025
538,484,10122.84,In Process,11/16/2024
539,526,8105.05,In Process,2/21/2025
540,822,3401.76,Open,4/26/2025
541,243,587.54,Open,10/27/2025
542,898,3097.54,Closed,9/30/2025
543,878,20976.97,Closed,9/11/2024
544,279,13482.96,Closed,1/20/2025
545,188,442.81,Open,1/7/2026
546,250,13383.45,Open,6/10/2025
547,278,2450.19,In Process,11/12/2025
548,850,22181.5,Closed,12/7/2025
549,505,8301.38,Closed,1/23/2025
550,101,22418.08,In Process,6/4/2025
551,199,24653.0,Closed,7/12/2025
552,435,11123.91,Open,8/5/2025
553,458,13393.33,Closed,3/15/2025
554,571,14179.51,Open,3/23/2025
555,265,16086.22,In Process,8/16/2025
556,600,17249.46,Closed,10/22/2025
557,321,2467.13,Open,4/13/2025
558,321,7323.3,Closed,10/3/2025
559,536,18025.37,In Process,7/25/2024
560,351,15998.94,In Process,5/3/2025
561,703,14401.86,Open,7/15/2025
562,259,2425.99,Closed,9/1/2025
563,41,11173.1,Open,3/19/2025
564,330,23397.64,Open,12/17/2024
565,980,11183.12,In Process,11/6/2025
566,874,17482.6,Closed,10/3/2024
567,940,20837.59,Closed,9/8/2024
568,748,18611.87,Open,4/8/2025
569,71,16222.68,Open,3/13/2025
570,400,20844.32,Closed,6/20/2025
571,868,21139.37,Closed,11/6/2025
572,284,1078.01,In Process,9/9/2025
573,979,1801.34,Open,9/6/2025
574,834,3311.55,Closed,4/30/2025
575,27,690.59,Closed,8/19/2025
576,232,22911.28,Open,6/16/2025
577,518,6641.83,Open,7/10/2024
578,354,12075.05,Closed,9/21/2025
579,498,22117.16,Open,6/18/2025
580,360,6593.57,Closed,1/4/2025
581,221,3858.21,Open,7/9/2025
582,75,5881.68,In Process,12/25/2025
583,924,2350.07,Closed,3/20/2025
584,528,13918.67,In Process,8/16/2024
585,321,13586.18,Closed,9/4/2024
586,406,3146.44,Closed,12/6/2025
587,836,15656.3,Closed,7/13/2024
588,116,23532.19,In Process,10/5/2025
589,242,8376.36,Open,2/1/2025
590,532,1596.36,Open,6/22/2025
591,300,4625.5,Closed,12/26/2025
592,441,9510.76,In Process,10/12/2024
593,535,20642.37,Open,12/7/2024
594,651,2474.93,In Process,10/27/2025
595,383,13854.09,Open,5/25/2025
596,903,24856.43,Closed,7/25/2024
597,719,22462.94,Open,2/10/2025
598,143,11947.88,Open,11/11/2025
599,607,3135.21,Open,8/13/2025
600,257,12944.6,In Process,9/8/2024
601,336,14198.18,Closed,8/5/2025
602,988,24046.34,In Process,9/19/2024
603,13,18906.78,Closed,8/30/2024
604,39,13255.34,Closed,12/8/2024
605,175,986.33,Open,1/28/2025
606,75,10722.47,Open,5/6/2025
607,130,15412.16,In Process,12/31/2024
608,606,17324.85,Open,3/26/2025
609,898,22424.22,In Process,1/21/2025
610,570,17823.23,Closed,6/7/2025
611,817,20397.78,Closed,11/25/2025
612,728,5430.51,Closed,8/31/2025
613,240,24354.01,Open,2/27/2025
614,22,18670.72,Open,1/28/2025
615,641,1784.92,In Process,8/28/2025
616,106,1875.92,Closed,3/15/2025
617,84,7998.93,In Process,5/1/2025
618,238,22618.75,Closed,7/21/2025
619,472,16025.73,Open,8/11/2025
620,131,18071.51,Closed,1/10/2026
621,482,15762.3,Open,8/28/2024
622,792,24344.71,In Process,11/8/2025
623,895,15438.91,In Process,10/21/2024
624,421,13080.75,Closed,2/19/2025
625,451,8139.31,In Process,5/26/2025
626,64,11306.65,Closed,10/5/2024
627,747,11246.89,In Process,10/18/2025
628,739,9787.05,Open,5/26/2025
629,585,3343.79,Open,6/9/2025
630,207,12144.87,In Process,10/24/2025
631,653,6213.9,Closed,2/22/2025
632,803,16545.72,Open,6/28/2025
633,221,3597.62,Closed,10/25/2025
634,569,12809.46,In Process,1/2/2026
635,755,8024.09,Open,10/3/2024
636,650,22878.68,Open,7/27/2025
637,906,19599.74,In Process,12/10/2025
638,791,7227.96,Open,4/20/2025
639,620,11819.76,Open,5/4/2025
640,351,18626.74,Closed,2/27/2025
641,681,7422.52,Closed,6/2/2025
642,30,22026.46,In Process,7/13/2024
643,890,4259.3,Open,12/19/2025
644,36,3207.81,Open,6/12/2025
645,545,17193.25,Closed,10/13/2025
646,83,1402.1,Open,4/17/2025
647,260,20619.88,Closed,7/26/2024
648,239,8686.93,In Process,9/13/2025
649,448,21989.9,In Process,9/3/2025
650,104,4003.14,In Process,5/29/2025
651,947,14425.99,In Process,3/11/2025
652,182,5959.24,In Process,12/20/2025
653,380,5826.99,In Process,12/12/2024
654,620,1642.24,Open,8/31/2024
655,532,16469.4,In Process,8/5/2025
656,216,9869.45,Closed,11/7/2025
657,243,7673.73,Closed,10/9/2024
658,321,381.66,Closed,12/6/2025
659,125,3448.61,Open,10/29/2025
660,334,2459.23,Closed,10/14/2025
661,130,17456.51,Open,8/15/2024
662,109,7986.83,Closed,11/4/2025
663,834,1197.99,In Process,12/30/2025
664,582,779.51,Open,3/5/2025
665,144,10852.4,In Process,12/8/2024
666,105,2439.11,In Process,8/6/2025
667,124,631.19,Closed,2/7/2025
668,168,19763.53,Closed,2/25/2025
669,426,23688.19,In Process,7/1/2025
670,399,21713.86,In Process,12/24/2024
671,664,20029.26,Closed,10/5/2024
672,435,21064.19,Open,12/27/2024
673,558,1541.23,In Process,6/30/2025
674,64,13259.78,Open,10/10/2024
675,824,16492.3,Closed,2/20/2025
676,935,11236.74,Closed,3/1/2025
677,860,3110.31,Closed,11/12/2025
678,752,23599.01,Closed,12/27/2025
679,980,14119.91,Closed,11/23/2024
680,355,22618.81,Closed,2/13/2025
681,223,16016.19,In Process,10/21/2024
682,999,3191.94,In Process,3/18/2025
683,644,14478.64,In Process,5/6/2025
684,755,20716.65,Open,8/31/2025
685,96,3181.92,Closed,9/21/2024
686,199,24227.8,Closed,5/19/2025
687,940,1476.32,Open,6/4/2025
688,951,11470.87,Closed,5/12/2025
689,696,17661.9,Closed,10/7/2024
690,189,22959.02,Closed,9/4/2024
691,591,17752.26,In Process,10/24/2024
692,37,7548.06,Open,6/25/2025
693,830,22790.75,Open,6/26/2025
694,217,10796.24,In Process,12/8/2024
695,681,3572.1,Open,1/13/2025
696,479,10230.96,Open,7/26/2025
697,353,1479.05,In Process,12/24/2025
698,20,24356.71,Open,12/9/2024
699,962,17068.31,Closed,8/7/2024
700,413,4565.56,Open,11/28/2024
701,934,2464.26,Closed,1/17/2025
702,250,23260.46,In Process,11/23/2024
703,51,12905.39,Closed,8/6/2025
704,446,7159.9,In Process,11/1/2024
705,506,20758.16,In Process,12/17/2024
706,247,1474.93,In Process,12/31/2024
707,726,22215.02,Closed,11/17/2024
708,749,20896.88,In Process,10/1/2024
709,1,3904.59,Open,3/19/2025
710,416,17126.55,In Process,5/14/2025
711,338,4682.11,In Process,12/14/2024
712,665,15356.68,In Process,9/7/2025
713,770,24339.86,In Process,4/7/2025
714,817,9340.77,Open,11/8/2025
715,516,12759.67,Closed,1/11/2026
716,108,6406.39,In Process,11/23/2024
717,14,12364.01,Closed,2/20/2025
718,823,8382.05,Open,9/24/2024
719,420,6450.7,Open,9/6/2024
720,995,18928.44,Open,7/18/2024
721,422,1681.97,Closed,1/1/2025
722,900,12911.4,Closed,4/7/2025
723,531,19142.73,Closed,10/2/2024
724,404,6387.29,In Process,1/1/2025
725,109,7508.59,Closed,9/18/2025
726,20,6625.23,Open,6/16/2025
727,85,12129.51,Open,11/20/2025
728,20,3321.62,In Process,5/1/2025
729,936,11922.76,Open,6/3/2025
730,421,17373.04,Open,10/8/2024
731,270,13087.48,In Process,5/30/2025
732,125,19809.06,Closed,10/25/2024
733,973,4985.73,Open,5/21/2025
734,196,6707.06,Closed,8/27/2024
735,523,7875.89,In Process,12/5/2025
736,132,2867.13,Open,12/13/2024
737,756,10866.73,Open,3/17/2025
738,303,1443.69,Open,10/1/2025
739,323,22507.31,Closed,7/6/2024
740,793,16000.45,Closed,3/19/2025
741,173,18523.79,Open,6/23/2025
742,666,4684.5,Closed,11/2/2024
743,657,15629.7,In Process,12/31/2025
744,927,16709.17,In Process,1/31/2025
745,755,7040.02,Open,12/22/2024
746,110,23546.75,In Process,4/22/2025
747,955,10085.57,Closed,12/30/2024
748,245,10610.77,In Process,10/14/2025
749,298,10996.18,Open,8/13/2024
750,352,3464.6,In Process,12/8/2024
751,126,9793.63,Closed,3/14/2025
752,493,10383.65,In Process,3/14/2025
753,834,18375.59,Closed,4/3/2025
754,423,20793.89,Open,4/25/2025
755,230,9922.32,Open,10/8/2025
756,766,22565.67,In Process,7/25/2024
757,532,10641.96,In Process,6/12/2025
758,96,18218.63,In Process,10/20/2025
759,245,13815.09,In Process,7/18/2025
760,749,4881.38,Open,7/27/2025
761,571,15258.22,Open,2/18/2025
762,304,21486.21,Closed,3/1/2025
763,261,10698.45,Closed,8/12/2025
764,12,22407.21,Open,11/28/2024
765,709,19441.87,In Process,3/21/2025
766,311,22002.19,In Process,8/16/2025
767,719,17702.31,In Process,1/16/2025
768,664,14888.52,In Process,11/24/2024
769,351,7304.12,Closed,7/3/2025
770,213,10908.0,Open,8/9/2024
771,321,19333.42,Closed,7/22/2024
772,337,23928.42,Closed,9/2/2024
773,633,24331.68,In Process,9/2/2025
774,873,18437.0,In Process,2/18/2025
775,660,14597.2,In Process,5/25/2025
776,78,9330.17,In Process,11/23/2025
777,706,24660.25,Closed,11/29/2024
778,636,14133.3,Open,7/25/2025
779,203,16393.25,In Process,7/8/2025
780,463,2296.15,In Process,3/8/2025
781,164,17546.4,Closed,7/9/2025
782,629,11943.48,Closed,5/12/2025
783,889,14029.42,Closed,11/22/2025
784,608,9468.82,Open,1/13/2025
785,377,21416.35,In Process,3/9/2025
786,556,19661.59,Open,5/11/2025
787,965,531.14,Closed,10/26/2025
788,48,14748.64,Open,1/22/2025
789,667,13680.78,Open,4/17/2025
790,356,18622.95,Open,11/3/2024
791,447,9941.17,In Process,12/26/2025
792,295,21825.34,In Process,11/28/2024
793,189,16762.01,Open,12/21/2024
794,164,11319.68,Closed,6/19/2025
795,833,15515.85,Open,7/25/2025
796,269,5739.46,Closed,8/9/2024
797,569,9117.47,In Process,5/17/2025
798,482,5258.97,In Process,4/26/2025
799,222,5802.19,Open,5/13/2025
800,42,5348.67,Open,3/5/2025
801,589,16746.91,Open,9/3/2024
802,23,14213.11,In Process,10/6/2024
803,369,18045.5,In Process,9/14/2024
804,596,24222.33,In Process,8/9/2024
805,234,1994.73,Closed,6/13/2025
806,737,3773.74,Open,8/25/2024
807,367,20147.39,Closed,8/14/2025
808,96,17559.77,Closed,4/24/2025
809,397,5957.26,Closed,1/15/2026
810,390,19236.33,Closed,11/18/2024
811,550,4116.9,Open,6/19/2025
812,939,19769.62,Open,12/24/2024
813,502,17461.43,In Process,12/22/2025
814,173,4851.75,In Process,3/21/2025
815,370,24124.97,Closed,10/22/2024
816,738,5596.64,In Process,12/7/2024
817,721,12254.86,Open,3/16/2025
818,502,15560.63,In Process,7/14/2025
819,282,5290.87,Closed,5/11/2025
820,442,11029.07,Open,1/17/2025
821,565,17128.01,In Process,11/6/2025
822,41,21693.7,Open,12/28/2025
823,633,5146.5,Closed,1/8/2026
824,839,18157.24,Closed,11/29/2024
825,830,7640.5,In Process,11/11/2024
826,186,14226.45,Open,8/15/2025
827,418,18187.88,Closed,8/22/2024
828,811,7610.93,Closed,12/9/2024
829,760,23542.48,In Process,10/12/2024
830,277,19000.89,Closed,8/29/2024
831,175,4773.28,Closed,6/20/2025
832,423,7335.07,In Process,9/2/2025
833,459,2951.77,Open,5/17/2025
834,612,7075.25,Open,11/10/2024
835,339,19355.52,Open,8/23/2025
836,561,7385.9,Closed,8/29/2024
837,924,14105.42,Open,4/2/2025
838,200,18066.76,In Process,12/31/2024
839,889,18984.58,In Process,8/2/2025
840,744,19590.77,Closed,6/12/2025
841,193,8223.11,Closed,7/24/2025
842,339,13664.58,Closed,8/14/2025
843,912,11608.61,Closed,11/6/2024
844,126,21227.67,Open,12/3/2025
845,130,22223.28,Closed,5/5/2025
846,93,4505.82,Open,9/11/2025
847,780,6933.85,Closed,2/2/2025
848,425,6052.47,Open,5/15/2025
849,178,17518.13,Open,1/19/2026
850,851,18109.1,Open,2/17/2025
851,483,10121.26,In Process,8/20/2024
852,274,21149.33,Closed,7/27/2024
853,484,14408.04,Open,11/1/2025
854,774,10931.77,Open,10/23/2024
855,684,9359.95,Open,11/13/2025
856,844,2363.68,Open,10/17/2024
857,173,4270.38,In Process,3/16/2025
858,798,9996.96,Closed,1/31/2025
859,600,19639.16,Open,12/2/2024
860,592,24961.98,In Process,12/2/2024
861,791,13691.1,In Process,7/31/2025
862,354,21677.45,In Process,7/15/2024
863,99,8377.47,Closed,8/10/2025
864,847,9946.85,Open,9/14/2025
865,496,18770.69,Open,3/24/2025
866,956,19816.31,Open,2/18/2025
867,603,12223.28,In Process,6/16/2025
868,686,24902.79,Open,10/10/2024
869,768,10065.49,In Process,7/8/2024
870,84,17326.2,Open,1/17/2026
871,555,6778.91,Closed,4/26/2025
872,491,17005.62,Closed,9/6/2024
873,82,4687.97,Closed,8/5/2024
874,541,15460.05,In Process,4/16/2025
875,67,16514.22,Open,6/3/2025
876,543,10496.73,Closed,8/31/2025
877,251,21708.25,In Process,1/9/2025
878,336,4156.59,In Process,3/26/2025
879,498,9008.12,In Process,12/10/2025
880,511,10724.47,Open,3/21/2025
881,47,20570.29,In Process,1/27/2025
882,884,10087.96,Closed,12/19/2025
883,248,6755.93,Closed,11/22/2024
884,140,22446.74,Open,9/19/2024
885,48,4861.66,In Process,1/10/2025
886,729,6949.76,Closed,2/3/2025
887,655,15082.14,In Process,6/16/2025
888,599,9203.6,Closed,5/17/2025
889,677,8185.04,In Process,12/31/2024
890,216,2397.16,Open,10/26/2024
891,643,6880.78,Closed,9/2/2024
892,555,14744.34,Closed,11/27/2024
893,648,17264.61,In Process,9/2/2024
894,310,10083.0,Open,6/14/2025
895,665,2785.05,Open,9/21/2024
896,283,17403.44,Closed,8/7/2024
897,541,6393.53,Open,10/29/2024
898,666,22735.96,Closed,6/17/2025
899,400,15050.12,In Process,3/8/2025
900,410,16981.81,Open,8/10/2025
901,969,22465.85,In Process,9/25/2025
902,163,22537.8,Open,1/16/2025
903,532,11290.71,Open,7/5/2025
904,197,3783.71,In Process,12/12/2025
905,751,21014.98,In Process,3/18/2025
906,150,24217.8,Open,11/21/2024
907,435,19617.7,Open,4/23/2025
908,826,21108.2,Open,10/9/2025
909,341,22654.71,Open,1/15/2026
910,924,9754.08,In Process,10/8/2024
911,806,2438.14,Open,10/24/2024
912,982,16954.86,In Process,9/18/2025
913,123,15837.7,Open,3/11/2025
914,631,19459.9,In Process,12/4/2024
915,784,24960.31,Open,7/27/2024
916,408,4218.02,In Process,9/16/2025
917,802,23329.57,Open,4/28/2025
918,776,3019.56,Open,11/28/2024
919,793,21670.28,In Process,8/18/2024
920,612,16652.56,In Process,9/20/2024
921,626,2980.18,Open,3/31/2025
922,396,11882.53,Closed,11/23/2025
923,38,3102.77,Closed,1/11/2025
924,117,24245.83,Closed,11/4/2024
925,478,19909.94,Closed,12/23/2025
926,146,5902.31,Open,1/5/2026
927,712,9715.03,Closed,11/15/2025
928,82,449.51,Closed,12/4/2024
929,812,16829.63,Closed,12/16/2024
930,371,23113.28,Closed,1/13/2025
931,56,16841.76,Open,9/9/2024
932,872,737.18,Closed,6/1/2025
933,799,16738.61,Closed,4/20/2025
934,779,5665.87,Closed,6/27/2025
935,205,24496.03,In Process,6/30/2025
936,51,6300.29,Closed,7/12/2025
937,2,3100.62,Open,6/11/2025
938,553,12469.76,Closed,12/31/2025
939,123,21490.59,Closed,5/15/2025
940,639,8263.56,In Process,5/1/2025
941,416,4086.48,In Process,7/3/2025
942,113,19428.27,Open,8/31/2024
943,488,22462.64,Open,6/19/2025
944,844,7374.36,Closed,12/29/2025
945,11,24434.66,Open,9/6/2025
946,421,15883.99,Closed,10/18/2025
947,490,14442.2,Open,2/11/2025
948,621,3250.82,In Process,8/26/2025
949,868,13568.34,Open,10/6/2025
950,83,10409.14,In Process,12/15/2025
951,520,18213.07,Open,9/18/2024
952,179,19589.19,Open,9/28/2024
953,887,22064.09,Open,11/4/2024
954,239,20799.41,Closed,7/12/2025
955,191,7765.46,In Process,11/10/2024
956,454,18390.27,Closed,8/7/2024
957,717,7028.17,Open,5/31/2025
958,922,6481.97,Open,12/19/2025
959,389,8570.66,Closed,12/18/2025
960,422,23865.83,In Process,9/20/2025
961,333,2156.23,In Process,3/27/2025
962,955,9924.64,Closed,8/15/2025
963,346,19725.74,Closed,2/2/2025
964,146,4410.01,Closed,9/6/2025
965,232,9979.99,Open,1/24/2025
966,704,8388.07,Closed,5/16/2025
967,166,20363.54,In Process,11/15/2024
968,244,9064.64,Open,11/17/2025
969,272,3937.51,Open,9/8/2025
970,672,16136.71,In Process,2/7/2025
971,569,22797.99,Closed,12/8/2025
972,755,3590.6,In Process,9/7/2025
973,755,5031.99,Closed,1/10/2026
974,887,20584.71,Closed,11/11/2025
975,822,12035.37,In Process,9/28/2025
976,808,13244.27,Closed,5/6/2025
977,903,13251.56,Open,3/11/2025
978,180,5626.57,Closed,11/11/2024
979,163,18572.55,In Process,7/11/2024
980,988,1793.22,Closed,8/10/2025
981,161,14061.28,Open,10/12/2024
982,712,13843.02,Open,7/2/2024
983,490,12932.09,Open,9/19/2024
984,556,21779.46,Open,7/28/2024
985,365,17605.05,In Process,12/27/2025
986,347,4015.0,Closed,7/29/2025
987,569,4106.38,Open,11/28/2024
988,652,16738.23,In Process,2/18/2025
989,310,2834.78,Open,7/7/2024
990,590,20907.53,In Process,7/7/2025
991,79,16985.99,In Process,11/1/2024
992,464,15978.18,Closed,4/13/2025
993,974,15056.85,Closed,11/24/2025
994,30,12689.15,Open,6/6/2025
995,263,12863.88,Open,3/16/2025
996,447,19102.32,Open,9/11/2024
997,962,22542.42,Closed,11/9/2025
998,623,12995.74,Closed,11/16/2024
999,144,4387.08,Closed,8/9/2025
1000,92,2718.86,Closed,7/27/2024
